{"cameraMode":{"drawMode":0,"name":"Shaded","section":"Shading Mode"},"sceneLighting":true,"audioPlay":false,"sceneViewState":{"showFog":true,"showMaterialUpdate":false,"showSkybox":true,"showFlares":true,"showImageEffects":true,"showParticleSystems":true},"in2DMode":false,"pivot":{"x":-180.1699676513672,"y":48.106040954589847,"z":0.0},"rotation":{"x":-0.011450981721282006,"y":0.0897425189614296,"z":0.0010615299688652158,"w":0.9958999752998352},"size":143.846923828125,"orthographic":false}