{"cameraMode":{"drawMode":0,"name":"Shaded","section":"Shading Mode"},"sceneLighting":false,"audioPlay":false,"sceneViewState":{"showFog":true,"showMaterialUpdate":false,"showSkybox":false,"showFlares":true,"showImageEffects":true,"showParticleSystems":true},"in2DMode":false,"pivot":{"x":0.0000057220458984375,"y":0.2645135521888733,"z":-0.00000762939453125},"rotation":{"x":-0.2102287858724594,"y":-0.005282481666654348,"z":0.0011366140097379685,"w":-0.9776483178138733},"size":12.213560104370118,"orthographic":false}