{"cameraMode":{"drawMode":0,"name":"Shaded","section":"Shading Mode"},"sceneLighting":true,"audioPlay":false,"sceneViewState":{"showFog":true,"showMaterialUpdate":false,"showSkybox":true,"showFlares":true,"showImageEffects":true,"showParticleSystems":true},"in2DMode":false,"pivot":{"x":-8.934455871582032,"y":-13.553647994995118,"z":78.93989562988281},"rotation":{"x":0.14315322041511537,"y":-0.06885001063346863,"z":0.01001278217881918,"w":0.9872553944587708},"size":42.09647750854492,"orthographic":false}