{"cameraMode":{"drawMode":0,"name":"Shaded","section":"Shading Mode"},"sceneLighting":false,"audioPlay":false,"sceneViewState":{"showFog":true,"showMaterialUpdate":false,"showSkybox":false,"showFlares":true,"showImageEffects":true,"showParticleSystems":true},"in2DMode":false,"pivot":{"x":0.0013197362422943116,"y":-0.2381758689880371,"z":0.325078547000885},"rotation":{"x":0.336725652217865,"y":0.019473867490887643,"z":-0.006968935951590538,"w":0.9414175152778626},"size":0.7876377105712891,"orthographic":false}