{"cameraMode":{"drawMode":0,"name":"Shaded","section":"Shading Mode"},"sceneLighting":true,"audioPlay":false,"sceneViewState":{"showFog":true,"showMaterialUpdate":false,"showSkybox":true,"showFlares":true,"showImageEffects":true,"showParticleSystems":true},"in2DMode":false,"pivot":{"x":19.240991592407228,"y":206.53671264648438,"z":98.29899597167969},"rotation":{"x":0.14315322041511537,"y":-0.06885001063346863,"z":0.01001278217881918,"w":0.9872553944587708},"size":235.6842498779297,"orthographic":false}