{"cameraMode":{"drawMode":0,"name":"Shaded","section":"Shading Mode"},"sceneLighting":true,"audioPlay":false,"sceneViewState":{"showFog":true,"showMaterialUpdate":false,"showSkybox":true,"showFlares":true,"showImageEffects":true,"showParticleSystems":true},"in2DMode":false,"pivot":{"x":4.288082122802734,"y":9.374913215637207,"z":25.829090118408204},"rotation":{"x":-0.02649514749646187,"y":-0.013626020401716233,"z":-0.00033162589534185827,"w":0.9995574951171875},"size":7.159103870391846,"orthographic":false}