{"cameraMode":{"drawMode":0,"name":"Shaded","section":"Shading Mode"},"sceneLighting":false,"audioPlay":false,"sceneViewState":{"showFog":true,"showMaterialUpdate":false,"showSkybox":false,"showFlares":true,"showImageEffects":true,"showParticleSystems":true},"in2DMode":false,"pivot":{"x":0.41433757543563845,"y":1.5971544981002808,"z":0.4812467098236084},"rotation":{"x":-0.2517683506011963,"y":-0.00250727916136384,"z":0.0006558136083185673,"w":-0.9678168892860413},"size":2.1551334857940676,"orthographic":false}