{"cameraMode":{"drawMode":0,"name":"Shaded","section":"Shading Mode"},"sceneLighting":true,"audioPlay":false,"sceneViewState":{"showFog":true,"showMaterialUpdate":false,"showSkybox":true,"showFlares":true,"showImageEffects":true,"showParticleSystems":true},"in2DMode":false,"pivot":{"x":-0.26999998092651369,"y":0.9500000476837158,"z":35.95000076293945},"rotation":{"x":-0.00018104944319929928,"y":0.9887401461601257,"z":-0.14993925392627717,"w":-0.00105782609898597},"size":10.588750839233399,"orthographic":false}