{"cameraMode":{"drawMode":0,"name":"Shaded","section":"Shading Mode"},"sceneLighting":false,"audioPlay":false,"sceneViewState":{"showFog":true,"showMaterialUpdate":false,"showSkybox":false,"showFlares":true,"showImageEffects":true,"showParticleSystems":true},"in2DMode":false,"pivot":{"x":0.3347806930541992,"y":1.5887811183929444,"z":24.552635192871095},"rotation":{"x":0.024144481867551805,"y":-0.9745532274246216,"z":-0.12938976287841798,"w":-0.18170379102230073},"size":0.7748796343803406,"orthographic":false}