{"cameraMode":{"drawMode":0,"name":"Shaded","section":"Shading Mode"},"sceneLighting":false,"audioPlay":false,"sceneViewState":{"showFog":true,"showMaterialUpdate":false,"showSkybox":false,"showFlares":true,"showImageEffects":true,"showParticleSystems":true},"in2DMode":false,"pivot":{"x":0.000006198883056640625,"y":0.17402032017707826,"z":0.000006198883056640625},"rotation":{"x":-0.2102287858724594,"y":-0.005282481666654348,"z":0.0011366140097379685,"w":-0.9776483178138733},"size":3.064624547958374,"orthographic":false}